app_name,platform,sector,text,rating,date,city,version
Uber,google_play,نقل,جيده,5,2026-04-02,,4.622.10002
Uber,google_play,نقل,شيء رائع ..ان اقضي مشواري العملي قد أنجز بفضل الله ثم بفضل تطبيق اوبر الذي يخدمني بشكل أفضل,4,2026-04-02,,4.622.10002
Uber,google_play,نقل,خدمه جيده ومتوفره شكرا لكم وكباتن علي قد المسؤوليه بارك الله فيكم,5,2026-04-02,,4.624.10005
Uber,google_play,نقل,ممتازه جداً,5,2026-04-02,,4.622.10002
Uber,google_play,نقل,جيده ومناسبه,4,2026-04-02,,
Uber,google_play,نقل,حلوه جدان,5,2026-04-02,,4.622.10002
Uber,google_play,نقل,سائق ممتاز جدا,5,2026-04-02,,4.624.10005
Uber,google_play,نقل,ممتاز,5,2026-04-02,,
Uber,google_play,نقل,محترمة,5,2026-04-02,,4.622.10002
Uber,google_play,نقل,رائعة,5,2026-04-02,,4.622.10002
Uber,google_play,نقل,تجربه رائعه,5,2026-04-02,,4.622.10002
Uber,google_play,نقل,اكثر من رائع,5,2026-04-02,,4.622.10002
Uber,google_play,نقل,حذف الصورة الشخصية,5,2026-04-02,,4.624.10005
Uber,google_play,نقل,ممتاز جدا جدا جدا,5,2026-04-02,,
Uber,google_play,نقل,جيد,5,2026-04-02,,
Uber,google_play,نقل,تطبيق ممتاز,5,2026-04-02,,4.622.10002
Uber,google_play,نقل,ممتاز,5,2026-04-02,,4.622.10002
Uber,google_play,نقل,ممتاز.. شكراً,5,2026-04-02,,4.624.10005
Uber,google_play,نقل,ممتاز وخدمة عالوقت شكرا كتير,5,2026-04-02,,
Uber,google_play,نقل,ممتاز,5,2026-04-02,,4.624.10005
Uber,google_play,نقل,شكرا لكم,5,2026-04-02,,4.624.10005
Uber,google_play,نقل,جيد,5,2026-04-02,,4.622.10002
Uber,google_play,نقل,ممتاز,5,2026-04-02,,4.619.10001
Uber,google_play,نقل,جزاك الله خير الجزاء,5,2026-04-02,,4.624.10005
Uber,google_play,نقل,خدمة ممتازة جدا، ولكن ملاحظة في تأخير قبول الطلب,5,2026-04-02,,4.624.10005
Uber,google_play,نقل,ممتازه,5,2026-04-02,,
Uber,google_play,نقل,ممتاز,5,2026-04-02,,4.622.10002
Uber,google_play,نقل,ان,5,2026-04-02,,
Uber,google_play,نقل,👍,5,2026-04-02,,4.624.10005
Uber,google_play,نقل,ممتاز,5,2026-04-02,,4.624.10005
Uber,google_play,نقل,ممتاز,5,2026-04-02,,4.619.10001
Uber,google_play,نقل,شخص محترم,5,2026-04-02,,4.624.10005
Uber,google_play,نقل,ممتاز,5,2026-04-02,,4.624.10005
Uber,google_play,نقل,ممتاز,5,2026-04-01,,
Uber,google_play,نقل,جيد جدا,5,2026-04-01,,4.624.10005
Uber,google_play,نقل,ممتاز,5,2026-04-01,,4.622.10002
Uber,google_play,نقل,ممتاز,5,2026-04-01,,
Uber,google_play,نقل,مش راضي يشتغل,1,2026-04-01,,4.624.10005
Uber,google_play,نقل,ممتاز,5,2026-04-01,,4.624.10005
Uber,google_play,نقل,رائع,5,2026-04-01,,4.622.10002
Uber,google_play,نقل,هو برنامج حلو بس المشكله ان لو المشاوير قريبه محدش بيقبلها وكمان ساعات بيقول لا يوجد مشاوير,5,2026-04-01,,4.621.10004
Uber,google_play,نقل,ابلكيشن ممتاز,5,2026-04-01,,4.590.10001
Uber,google_play,نقل,كابتن محترم,5,2026-04-01,,4.621.10004
Uber,google_play,نقل,خدمه جميله,5,2026-04-01,,4.622.10002
Uber,google_play,نقل,شكرا اوبر,5,2026-04-01,,4.624.10005
Uber,google_play,نقل,كويس جدا,5,2026-04-01,,4.622.10002
Uber,google_play,نقل,كابتن ذوق جدا شكرا ليك جدا,5,2026-04-01,,4.623.10005
Uber,google_play,نقل,رائعه,5,2026-04-01,,
Uber,google_play,نقل,ممتاز,5,2026-04-01,,4.622.10002
Uber,google_play,نقل,تطبيق جميل,5,2026-04-01,,4.621.10004
Uber,google_play,نقل,جامد والله,5,2026-04-01,,
Uber,google_play,نقل,ممتاز,5,2026-04-01,,4.624.10005
Uber,google_play,نقل,التعامل راقي و العربية بتوصلك مشوارك بسرعة,5,2026-04-01,,4.624.10005
Uber,google_play,نقل,مقبوله,1,2026-04-01,,4.624.10005
Uber,google_play,نقل,ممتاز,5,2026-04-01,,4.624.10005
Uber,google_play,نقل,تماغ,5,2026-04-01,,4.623.10005
Uber,google_play,نقل,الاسعار جميلة والناس محترمة,5,2026-04-01,,4.624.10005
Uber,google_play,نقل,السائق المره ديه محترم جدا جدا,5,2026-04-01,,4.620.10002
Uber,google_play,نقل,جزاكم الله خيرا,5,2026-04-01,,4.624.10005
Uber,google_play,نقل,جميل,5,2026-04-01,,4.624.10005
Uber,google_play,نقل,حلو,5,2026-04-01,,4.623.10005
Uber,google_play,نقل,جميل جداً,5,2026-04-01,,4.622.10002
Uber,google_play,نقل,مقاطعه داعم لي الصهاينة,1,2026-04-01,,4.624.10005
Uber,google_play,نقل,سواقين نصابين ياخذو زياده وفي سواق طلع قيمه مشوار ونا محاسبه وسواق ماوصلني للموقع الله المستعان عليكم بس,1,2026-04-01,,4.623.10005
Uber,google_play,نقل,جيد,5,2026-04-01,,4.622.10002
Uber,google_play,نقل,امتياز,5,2026-04-01,,4.624.10005
Uber,google_play,نقل,خلوق,5,2026-04-01,,4.622.10002
Uber,google_play,نقل,انا في ابور وتعطلت السياره والان انا متضرر من اوبر ممكن يجعلني اي شي< شكرا يآرب آمين >,5,2026-04-01,,
Uber,google_play,نقل,تطبيق سيء السائق لا يعرف الى اين هو ذاهب و يضع سعر ثابت قد لا يكون مناسب مع السائق,1,2026-04-01,,4.624.10005
Uber,google_play,نقل,لا انصح به,1,2026-04-01,,4.624.10005
Uber,google_play,نقل,👍👍,5,2026-04-01,,4.622.10002
Uber,google_play,نقل,حلو,5,2026-04-01,,4.622.10002
Uber,google_play,نقل,مرتفع السعر توصيل,1,2026-04-01,,4.624.10005
Uber,google_play,نقل,جيد جدا جدا جدا جدا جدا جدا جدا جدا,5,2026-04-01,,4.624.10005
Uber,google_play,نقل,جيده جدا,5,2026-04-01,,4.622.10002
Uber,google_play,نقل,جيد,4,2026-04-01,,4.623.10005
Uber,google_play,نقل,ممتاز جدا,5,2026-04-01,,
Uber,google_play,نقل,صراحة تطبيق ممتاز في كل شيء الي الآن,5,2026-04-01,,4.622.10002
Uber,google_play,نقل,برنامج محترم,5,2026-04-01,,4.622.10002
Uber,google_play,نقل,ممتازة,5,2026-04-01,,4.622.10002
Uber,google_play,نقل,جميل,5,2026-04-01,,4.624.10005
Uber,google_play,نقل,التطبيق مفيد جدا,5,2026-04-01,,4.622.10002
Uber,google_play,نقل,تم,5,2026-03-31,,4.622.10002
Uber,google_play,نقل,تمام,5,2026-03-31,,4.620.10002
Uber,google_play,نقل,جميله,5,2026-03-31,,4.622.10002
Uber,google_play,نقل,👍,5,2026-03-31,,4.622.10002
Uber,google_play,نقل,ممتاز,5,2026-03-31,,4.622.10002
Uber,google_play,نقل,جنيلة ومريحة,5,2026-03-31,,
Uber,google_play,نقل,ممتاز,5,2026-03-31,,4.622.10002
Uber,google_play,نقل,ممتاز,5,2026-03-31,,4.554.10001
Uber,google_play,نقل,انا نفسي يوسع لي ثابت يجي لي مش بعد ما اوصل الي على ايه غالي,2,2026-03-31,,4.623.10005
Uber,google_play,نقل,هايل,5,2026-03-31,,4.617.10003
Uber,google_play,نقل,حلو وسهل,5,2026-03-31,,4.622.10002
Uber,google_play,نقل,غير ممتاز لان هناك سائق الغى الرحله لكونى لست فى منطقته وهذا امر لابد ان يحاسب عليه,2,2026-03-31,,4.624.10005
Uber,google_play,نقل,انصح به,5,2026-03-31,,4.620.10002
Uber,google_play,نقل,تجربة ممتعة,4,2026-03-31,,
Uber,google_play,نقل,جميل جدا,5,2026-03-31,,4.622.10002
Uber,google_play,نقل,جمد,5,2026-03-31,,4.621.10004
Uber,google_play,نقل,جيده جدآ,5,2026-03-31,,4.622.10002
Uber,google_play,نقل,افضل برنامج في العالم في التوصيل,5,2026-03-31,,4.622.10002
Uber,google_play,نقل,أسعار مبالغ فيها كأنك في المواسم,1,2026-03-31,,4.622.10002
Uber,google_play,نقل,رائع,5,2026-03-31,,4.607.10001
Uber,google_play,نقل,خدمه محترما,5,2026-03-31,,4.622.10002
Uber,google_play,نقل,تجربه مزعجه وقت اطلب سياره وقت الانتظار ٥ دقايق واجلس ربع ساعه و الوقت ٥ دقايق ويرجع يزيد طيب انا وش ذنبي اجلس انتظر اخر تجربه بعد سنتين خلاص,1,2026-03-31,,4.451.10003
Uber,google_play,نقل,تمام,5,2026-03-31,,4.622.10002
Uber,google_play,نقل,رائع,5,2026-03-31,,4.622.10002
Uber,google_play,نقل,تطبيق رائع,5,2026-03-31,,4.622.10002
Uber,google_play,نقل,انه جيد للغايه,4,2026-03-31,,4.622.10002
Uber,google_play,نقل,خدمه ممتازه,3,2026-03-31,,4.624.10005
Uber,google_play,نقل,جدا مريح,5,2026-03-31,,4.623.10005
Uber,google_play,نقل,Excellent,5,2026-03-31,,4.622.10002
Uber,google_play,نقل,تمام,5,2026-03-31,,4.622.10002
Uber,google_play,نقل,جميلة جدا,5,2026-03-31,,4.621.10004
Uber,google_play,نقل,كثيييير بطولل وانا بستنى سياره تقبل,1,2026-03-31,,4.622.10002
Uber,google_play,نقل,ممتاز جدا بس في مشكله كل ما اتفع رصيد مستحق ادفعو كذا مره ارجو حل المشكلة,3,2026-03-31,,4.624.10005
Uber,google_play,نقل,ممتاز,4,2026-03-31,,4.622.10002
Uber,google_play,نقل,تطبيق حرامي وسرقو مني فلوس اكتر من مره من حسابي وخدمة العملا حراميه مبيحلوش اي مشكله وتطبيق غير آمن لا انصح به,1,2026-03-31,,
Uber,google_play,نقل,امان وراحة وعروض روعة,5,2026-03-31,,4.622.10002
Uber,google_play,نقل,زفت لانه بيقول سعر ولما بيوصل بيغير سعره,1,2026-03-31,,4.622.10002
Uber,google_play,نقل,ممتاز,5,2026-03-31,,4.622.10002
Uber,google_play,نقل,تطبيق مميز و القيادة آمنة والسائقين لطيفين,4,2026-03-31,,4.622.10002
Uber,google_play,نقل,جيد جد,5,2026-03-31,,4.622.10002
Uber,google_play,نقل,ممتازة,5,2026-03-31,,4.623.10005
Uber,google_play,نقل,برنامج كويس جدا,5,2026-03-31,,4.622.10002
Uber,google_play,نقل,برنامج سيء جدا,1,2026-03-31,,4.622.10002
Uber,google_play,نقل,ممتعه,5,2026-03-31,,
Uber,google_play,نقل,🙏 أشكركم,5,2026-03-31,,4.622.10002
Uber,google_play,نقل,ممتاز,5,2026-03-31,,4.622.10002
Uber,google_play,نقل,ممتاز,5,2026-03-31,,4.622.10002
Uber,google_play,نقل,اتمني استمرار الخصومات افادت جميع الركاب,5,2026-03-31,,4.623.10005
Uber,google_play,نقل,حلوه,5,2026-03-31,,4.623.10005
Uber,google_play,نقل,ممتاز ريح بالك وانت في مكانك بدل الوقفة في الشارع,5,2026-03-31,,4.622.10002
Uber,google_play,نقل,موفقين بإذن الله تعالى,5,2026-03-31,,4.623.10005
Uber,google_play,نقل,ممتاز,3,2026-03-31,,4.622.10002
Uber,google_play,نقل,ممتاز جدََ,5,2026-03-31,,
Uber,google_play,نقل,ممتاز,5,2026-03-31,,4.622.10002
Uber,google_play,نقل,ممتاز,5,2026-03-30,,4.622.10002
Uber,google_play,نقل,تطبيق جيد جدا,5,2026-03-30,,4.622.10002
Uber,google_play,نقل,ممتاز,5,2026-03-30,,4.622.10002
Uber,google_play,نقل,ممتازه جدا,5,2026-03-30,,4.622.10002
Uber,google_play,نقل,👍🏻,5,2026-03-30,,4.622.10002
Uber,google_play,نقل,ممتاز,5,2026-03-30,,4.622.10002
Uber,google_play,نقل,خدمه ممتازة بارك الله فيكم,5,2026-03-30,,
Uber,google_play,نقل,رائع جدا,5,2026-03-30,,4.623.10005
Uber,google_play,نقل,ممتازة,5,2026-03-30,,4.622.10002
Uber,google_play,نقل,ممتاز,5,2026-03-30,,4.622.10002
Uber,google_play,نقل,ممتازه,5,2026-03-30,,4.622.10002
Uber,google_play,نقل,كفو,5,2026-03-30,,4.622.10002
Uber,google_play,نقل,ممتاز,5,2026-03-30,,4.622.10002
Uber,google_play,نقل,تجربه رائعه,5,2026-03-30,,4.619.10001
Uber,google_play,نقل,تطبيق جيد,3,2026-03-30,,4.622.10002
Uber,google_play,نقل,ممتاز,5,2026-03-30,,4.584.10001
Uber,google_play,نقل,شكرا ليكم,5,2026-03-30,,
Uber,google_play,نقل,برنامج كويس اوي,5,2026-03-30,,
Uber,google_play,نقل,تجربه ممتازه جدآ,5,2026-03-30,,4.622.10002
Uber,google_play,نقل,ممتاز,5,2026-03-30,,4.622.10002
Uber,google_play,نقل,جيدة,4,2026-03-30,,4.622.10002
Uber,google_play,نقل,في بعض مشاوير غاليه للغايه,3,2026-03-30,,4.623.10005
Uber,google_play,نقل,ممتازه,5,2026-03-30,,4.622.10002
Uber,google_play,نقل,شكراجزيلا محترمين جدا,5,2026-03-30,,4.622.10002
Uber,google_play,نقل,فوق الممتاز,5,2026-03-30,,4.622.10002
Uber,google_play,نقل,التطبيق بقى سئ,1,2026-03-30,,
Uber,google_play,نقل,ممتاز.,5,2026-03-30,,4.622.10002
Uber,google_play,نقل,تطبيق رائع,5,2026-03-30,,4.622.10002
Uber,google_play,نقل,ممتازة جدا,5,2026-03-30,,4.622.10002
Uber,google_play,نقل,تطبيق ممتاز وانصح به جميع المستخدمين,5,2026-03-30,,
Uber,google_play,نقل,ممتاره,5,2026-03-30,,4.622.10002
Uber,google_play,نقل,كانت مريحه جدا,3,2026-03-30,,4.622.10002
Uber,google_play,نقل,good,5,2026-03-30,,4.622.10002
Uber,google_play,نقل,رائع,5,2026-03-30,,4.622.10002
Uber,google_play,نقل,السلام عليكم لو سمحت انا كنت طالب اوبر من مستشفى الحسين الي مستشفى السيد جلال وفي واحد قبل الرحله بعدين راح قال لي المرور مش راضي يعديني انا هنزل الحسيني واشوف ملف عشان الفلك وهو طبعا محلهاش ملف في الاخر لغه الرحله وخلاني واقفين ساعتين عشان يجي وبعدين الغيها بعد كده طلبت واحد ثاني بعديه بس الصراحه كان محترم قوي,5,2026-03-30,,4.617.10003
Uber,google_play,نقل,أفضل تطبيق مواصلات على مستوى العالم,5,2026-03-30,,
Uber,google_play,نقل,كويس جدا,5,2026-03-30,,
Uber,google_play,نقل,ممتاز,5,2026-03-30,,4.622.10002
Uber,google_play,نقل,ممتاز,5,2026-03-30,,4.622.10002
Uber,google_play,نقل,ممتاز جدا,5,2026-03-30,,4.622.10002
Uber,google_play,نقل,رائع,5,2026-03-30,,4.622.10002
Uber,google_play,نقل,جميل جدا,5,2026-03-30,,4.622.10002
Uber,google_play,نقل,احسن اوبر,5,2026-03-30,,4.622.10002
Uber,google_play,نقل,شركة محترمه,5,2026-03-30,,4.622.10002
Uber,google_play,نقل,جميل جداً,5,2026-03-30,,4.622.10002
Uber,google_play,نقل,جيد,5,2026-03-30,,4.622.10002
Uber,google_play,نقل,تجربة جديدة وجميلة,5,2026-03-30,,4.622.10002
Uber,google_play,نقل,ممتازه,5,2026-03-30,,4.623.10005
Uber,google_play,نقل,خدمة جيدة,5,2026-03-30,,4.622.10002
Uber,google_play,نقل,شكراً لكم توصيل ممتاز,5,2026-03-30,,4.622.10002
Uber,google_play,نقل,تمام 👌,5,2026-03-30,,
Uber,google_play,نقل,انا كده انا بالنسبه لي تطبيق اوبر ممتاز جدا افضل من اي تطبيق ثاني,5,2026-03-30,,4.622.10002
Uber,google_play,نقل,ممتاز جداا جداا,5,2026-03-30,,4.622.10002
Uber,google_play,نقل,ضخم,5,2026-03-30,,4.622.10002
Uber,google_play,نقل,تطبيق ممتاز,5,2026-03-30,,4.621.10004
Uber,google_play,نقل,good,5,2026-03-30,,
Uber,google_play,نقل,يوفر الوقت والمال بشكل كبير جدا عن التكسي,5,2026-03-30,,4.623.10005
Uber,google_play,نقل,غالي جدا,2,2026-03-29,,4.622.10002
Uber,google_play,نقل,احسن ابلكيشن في التوصيل,5,2026-03-29,,4.622.10002
Uber,google_play,نقل,سهل كأول مره اجربه,4,2026-03-29,,4.622.10002
Uber,google_play,نقل,ممتاز,5,2026-03-29,,4.622.10002
Uber,google_play,نقل,ممتازه,5,2026-03-29,,4.622.10002
Uber,google_play,نقل,ممتاز,5,2026-03-29,,4.622.10002
Uber,google_play,نقل,جيد,5,2026-03-29,,4.622.10002
Careem,google_play,نقل,سيء دائما بصلك الاكل غير كامل,1,2026-04-02,,26.10
Careem,google_play,نقل,تعبان,1,2026-04-02,,
Careem,google_play,نقل,Some time not work and slowly,1,2026-04-01,,26.11
Careem,google_play,نقل,اصبحت المساوئ في الشركه اكثر بعد دمج مع شركة اوبر,1,2026-04-01,,
Careem,google_play,نقل,جميل جدا,5,2026-03-31,,26.11
Careem,google_play,نقل,افضل من تطبيق بلي بمراحل شكرا كريم,1,2026-03-31,,
Careem,google_play,نقل,حض,3,2026-03-31,,26.11
Careem,google_play,نقل,الله يعطيكم العافيه تطبيق ممتاز ومفيد جدا للناس,5,2026-03-31,,26.11
Careem,google_play,نقل,لا اريده,1,2026-03-31,,
Careem,google_play,نقل,جميل بس السعر اغل من اوبر,3,2026-03-31,,26.11
Careem,google_play,نقل,ممكن افهم انتوا بأي حق بدكم تاخذوا عشرين قرش زيادة بس لأني بدفع كاش المشكلة انتوا التطبيق الوحيد اللي عامل هاي الحركة الوسخة فوق ما انكم سيئين🤮🤢,1,2026-03-31,,
Careem,google_play,نقل,خدمه العملاء جدا ممتازه وسريعه بالرد,5,2026-03-31,,25.35
Careem,google_play,نقل,زباله,1,2026-03-30,,26.11
Careem,google_play,نقل,ممتاز,5,2026-03-30,,
Careem,google_play,نقل,زور باشه,5,2026-03-30,,
Careem,google_play,نقل,ممتازه,5,2026-03-30,,25.45
Careem,google_play,نقل,شوكت التوصيل للحله بس بغداد ها اسف لن حتمال فهمتوني خلط اكول التطبيق بعد اشكد ويوصل لمدينة الحله,5,2026-03-29,,
Careem,google_play,نقل,تطبيق راقي,5,2026-03-29,,
Careem,google_play,نقل,سيء جدا,1,2026-03-29,,26.11
Careem,google_play,نقل,شكرا كريم علي تعاونكم في تيسير الانتقال داخل السعودية,5,2026-03-29,,26.11
Careem,google_play,نقل,لا يردون علي قسم الدعم ارسلت اكثر من مرى سيئون خدما العملاء,1,2026-03-29,,26.11
Careem,google_play,نقل,بعد دمجه باوبر أصبح سيء للغاية جدا جدا جدا,1,2026-03-29,,26.11
Careem,google_play,نقل,لقد حذفت التطبيق بسبب شراكة الشركة الام اوبر مع شركة Flytrex,1,2026-03-29,,23.32
Careem,google_play,نقل,راااااائع,5,2026-03-29,,26.11
Careem,google_play,نقل,ممتاز,5,2026-03-28,,26.11
Careem,google_play,نقل,السائق محترم والسيارة جيدة لاكن انتو دايما بتعطو سعر وبطلعلي سعر تاني,1,2026-03-28,,26.10
Careem,google_play,نقل,جيدة ولا توجد أي ملاحظات,5,2026-03-28,,26.11
Careem,google_play,نقل,لا استطيع استخدم رمز الخصم 50% لخمس رحلات رغم ان هذه اول مرة اجرب فيها التطبيق وما طلبت تكسي كريم من قبل!!,1,2026-03-28,,
Careem,google_play,نقل,سيئ للغاية اذا طلبت اكل وطلع الطلب خاطئ او في مشكلة لا تحلم انهم يحلو المشكلة يبدلو الطلب او يعوضوك ثمن الخطئ الي حصل سيئين للغاية,1,2026-03-28,,26.10
Careem,google_play,نقل,جدا غاليين لهذا الغي الرحله واطلب تكسي بلي,1,2026-03-28,,
Careem,google_play,نقل,ممتاز جدا,4,2026-03-28,,26.11
Careem,google_play,نقل,بعد ان تحول لاوبر اصبح التطبيق سيء جدا والكابتن يطلب مبالغ اكثر ولا من يحاسب,1,2026-03-28,,
Careem,google_play,نقل,اسعار غاليه جدا جدا,1,2026-03-27,,26.10
Careem,google_play,نقل,تطبيق زي الزفت وبعلق كثير وعليه 100 غلط وغلط,1,2026-03-27,,26.6
Careem,google_play,نقل,مقاطعة,1,2026-03-27,,26.10
Careem,google_play,نقل,تطبيق ممتاز للغاية الان,5,2026-03-25,,
Careem,google_play,نقل,جيدة,5,2026-03-25,,25.3
Careem,google_play,نقل,نهروان يمتى تنضاف؟ ؟,2,2026-03-25,,
Careem,google_play,نقل,اخي جاي ادفع للكابتن أكثر من الكروه مالته اومجاي ينزل الرصيد صار أكثر من مرة,1,2026-03-25,,26.10
Careem,google_play,نقل,جيد,5,2026-03-25,,26.10
Careem,google_play,نقل,كريم سريع الوصول للعميل ومتعاونين ومتفاهمين,5,2026-03-25,,26.10
Careem,google_play,نقل,ممتاز,5,2026-03-25,,26.10
Careem,google_play,نقل,التطبيق سيء عملت رحلة أتأخر التطبيق في الرد عشان زحمة وجاب سواق بعيد جدا فلغيت الرحلة وبعد كدا اتفاجات انه عمل رحلة جديدة رغم اني لغيتها و الباشمهندس اتصل عليا بعد ما وصلت ونزلتوا غرامة عليا,1,2026-03-25,,26.10
Careem,google_play,نقل,خدمه ممتازه,5,2026-03-25,,26.11
Careem,google_play,نقل,طبعاً اشكر شركة كريم على هذا التطبيق الرائع الذي جعلني اتنقل بسهولة ولكن توجد مشكلة واحدة وهيه انا لايوجد لي قائمة بالطعام يعني لااستطيع طلب الطعام لان لايوجد هذه الخاصية فقط مشاوير.. شكراً لردكم انا من دولة العراق,4,2026-03-24,,26.10
Careem,google_play,نقل,ممتاز جدا,5,2026-03-24,,26.10
Careem,google_play,نقل,تطبيق فاشل,1,2026-03-24,,
Careem,google_play,نقل,اين طلبي السائق لغى طلبي وانا دفعت فيزا لسنترو,1,2026-03-24,,26.10
Careem,google_play,نقل,سيء جدا,1,2026-03-24,,26.10
Careem,google_play,نقل,هل يوجد دفع عند استلام السعودية في مدينة الرياض,5,2026-03-24,,
Careem,google_play,نقل,مو حلو,1,2026-03-23,,26.10
Careem,google_play,نقل,تطبيق ممتاز روووعة مشكلة تأخير التواصل,5,2026-03-23,,26.10
Careem,google_play,نقل,تطبيق ممتاز جدا رووعة مشكله تأخير المواقع,5,2026-03-23,,26.10
Careem,google_play,نقل,أكثر من ممتاز,5,2026-03-23,,25.17
Careem,google_play,نقل,تطبيق محترم وطقم الكباتن كلهم محترمين وذوق وناس عمليين,5,2026-03-23,,
Careem,google_play,نقل,اسعاركم غاليه,1,2026-03-23,,26.10
Careem,google_play,نقل,سئ جدا,1,2026-03-22,,
Careem,google_play,نقل,كتير بتزيدوا على سعر المطعم والتوصيل كمان غالي,1,2026-03-22,,26.10
Careem,google_play,نقل,جيد,1,2026-03-22,,26.10
Careem,google_play,نقل,البرنامج لا يعمل لدى يتم تحديث البرنامج ولا يستجيب للفتح يتم إرسال بريد الكتروني للشركة ويصل الرد بالحل ولكن المشكلة تبقى كما هى يرجى توفير رقم هاتف للتواصل بالخط الساخن,1,2026-03-22,,26.2
Careem,google_play,نقل,سيئ ماتقدر تسترد الفلوس اللي في المحفظه ولا تغير طريقه الدفع,1,2026-03-22,,26.1
Careem,google_play,نقل,رائع,5,2026-03-21,,26.10
Careem,google_play,نقل,سيئ جدا وما في حد بساعدك نهائي دائما لا تتوفر سيارات متاحة من ١٥ يوم,1,2026-03-21,,26.10
Careem,google_play,نقل,برنامج ناجح,5,2026-03-21,,26.10
Careem,google_play,نقل,تطبيق سهل وأمان وسريع وسعرو حلو,5,2026-03-21,,26.10
Careem,google_play,نقل,برنامج رائع كل عام وانت بخير,5,2026-03-21,,26.10
Careem,google_play,نقل,افظل من بلي,5,2026-03-21,,
Careem,google_play,نقل,ممتاز والسائقين محترمين,5,2026-03-21,,26.10
Careem,google_play,نقل,عبيطين انتو كل شوي الاقي مبلغ غير مسدد عباطه هي حرفين اسم التطبيق بخيل مو كريم كل شوي فجءه يطلع لي مبلغ غير مسدد تسرقوني,1,2026-03-20,,
Careem,google_play,نقل,حلو,5,2026-03-20,,
Careem,google_play,نقل,كان في البدايات افضل تراجع مستواه,4,2026-03-20,,26.3
Careem,google_play,نقل,ok,5,2026-03-20,,26.10
Careem,google_play,نقل,سيئ جدا تم اضافه مبلغ في المحفظه وعند طلب مشوار يطلب الكبتن مبلغ التوصيل علما انني اختار في كل رحله ان تخصم من المحفظه وتواصلت اكثر من مره من الاداره دون فائده مافائدة اطلب تكسي افضل,1,2026-03-20,,26.10
Careem,google_play,نقل,ممتاز,5,2026-03-20,,26.10
Careem,google_play,نقل,جيد جدا,5,2026-03-19,,26.9
Careem,google_play,نقل,تطبيق ممتازجدا بسعر الخصم واتمنى تبقى اسعار الخصم,5,2026-03-19,,26.10
Careem,google_play,نقل,اخر ابديت جدا فاشل ودائما ينقطع منك فلوس ماتعرف ليش,1,2026-03-19,,26.7
Careem,google_play,نقل,سيئة جدا,1,2026-03-18,,26.9
Careem,google_play,نقل,ممتازه,5,2026-03-18,,26.10
Careem,google_play,نقل,جيد جدا,5,2026-03-18,,
Careem,google_play,نقل,good,5,2026-03-17,,26.9
Careem,google_play,نقل,دفعت كاش اكثر من مبلغ الرحلة وعند المطالبة لم تتم محاسبة الكابتن الذي جاء لي بسيارة مختلفة آخر تعامل معكم,1,2026-03-17,,26.10
Careem,google_play,نقل,جيده جدا,4,2026-03-15,,25.21
Careem,google_play,نقل,❤️,5,2026-03-15,,26.9
Careem,google_play,نقل,كويس استخدمه باستمرار,5,2026-03-14,,26.3
Careem,google_play,نقل,سيء,1,2026-03-14,,26.7
Careem,google_play,نقل,تطبيق سيء وغير واقعي، طلبت كريم بسعر ٧ الاف دينار وصلت يكلي الكروه ١٥ الف دينار، مع العلم ما واجهنا اي ازدحام او تأخير او اي شي.,1,2026-03-14,,
Careem,google_play,نقل,جيد,5,2026-03-14,,26.7
Careem,google_play,نقل,طلبت سيارة واجت ولما قربنا نوصل الموقع وقف الكابتن على اليمين وقلي وصلت وانا محدد الموقع في الجهة الثانية من الطريق المفروض ياخذ يوتيرن وينزلني ولكن رفض عشان في ناس واقفين في الطريق وبدهم تكسي قدم شكوى ولكن للأسف مافي فائدة,1,2026-03-14,,26.7
Careem,google_play,نقل,Good,5,2026-03-14,,26.9
Careem,google_play,نقل,مشاء الله,5,2026-03-14,,26.9
Careem,google_play,نقل,كنت حاجزه قبل كده ولكن لم يتم مجيء السواق في الميعاد المحدد ولم يتم الاتصال بي وكانت المواصله ب7 درهم وأصبحت كغرامه 13 درهم ودفعتهم بعدها حاولت اكتر من مره حجز عن طريق الابلكيشين لكن في كل مره يبعت تم الرفض,5,2026-03-13,,
Careem,google_play,نقل,تطبيق مفيد جدا للرحلات,5,2026-03-13,,26.8
Careem,google_play,نقل,تطبيق ممتاز بس لو تنزلو خصومات للمستخدمين باستمرار,4,2026-03-13,,
Careem,google_play,نقل,للأسف أصبح تطبيق سيئ جدا وخدمة العملاء اسوء شيئ فيه من انحدار لأنحدار اسوء تطبيق موجود لطلب الطعام فاااااشل,1,2026-03-12,,
Careem,google_play,نقل,لا يتم أخذ الشكوى بعين الاعتبار ويتم الاعتماد على السائق حتى لو اخذ مبلغ اجره إضافي أكثر من اجره التطبيق وادخل إلى البرنامج مبلغ اخر وبعد تقديم شكوى قالوا أيمكن اعاده المبلغ الاضافي لايوجد مصداقيه,1,2026-03-12,,26.8
Careem,google_play,نقل,تطبيق معقد ياليت يتم تبسيطه ليتمكن اي شخص باستعماله,1,2026-03-12,,26.7
Careem,google_play,نقل,حقيقة تجربه رائعه ومحترمه من التطبيق مواعيد مضبوطه واسعار مناسبه ، شكرا لكم سؤال هل التخفيض على الأسعار 50% يشمل 5 مشاوير فقط ام التخفيض مستمر ، مع التقدير,5,2026-03-12,,26.7
Careem,google_play,نقل,👍,5,2026-03-12,,
Careem,google_play,نقل,فاشل,1,2026-03-12,,25.42
Careem,google_play,نقل,غالي ريالين كل دقيقه كثير!,1,2026-03-11,,
Careem,google_play,نقل,للاسف تطبيق ما عليه امان تكون مشترك كريم بلص والك مصاري بالمحفظه فجأة كريم بعملك بلوك ويروح عليك اشتراك كريم بلص ومصاري المحفظه تطبيق يأخذ مصاري بحجه بلوك وما بحلو مشكلتك ومصاريك اخذوها,1,2026-03-11,,26.8
Careem,google_play,نقل,ممتاز,5,2026-03-11,,
Careem,google_play,نقل,سيء كل ما احاول افتح حسابي بحكي يرجى الاتصال بنا,1,2026-03-11,,26.8
Careem,google_play,نقل,واجهت مرتين مشاكل ويا الكباتن علمود الدفع و اتصل بالدعم و مسوو كلشي معاملة سيئة جدا و خدمة بعد اسوء افشل تطبيق شفته حرامات بس سيط,1,2026-03-10,,26.9
Careem,google_play,نقل,مفيش كباتن بيضيع وقتنا والآخر محدش بييجي,1,2026-03-10,,26.7
Careem,google_play,نقل,التطبيق جيد ...لكن لما يكون في رصيد بالمحفظة فجأة يتسجل عليك مشوار انت مارحته ويسحبوا منك الفلوس,4,2026-03-10,,26.8
Careem,google_play,نقل,في البداية عند طلب الطعام كان هناك خصومات وعروض تحفز التعامل ومع مرور الوقت اختفت للاسف ولذلك ارجو البقاء على راحة العملاء كما عهدناكم وعندم التراجع ومن أجل ذلك لم اضع خمسة نجوم ، ارضاء العميل وثقته بكم تمنحكم خمسة نجوم والقرار لكم. للاسف سرعة في التراجع في الخدمات مع اعلانات خصم وتوصيل جميعها وهمية تراجع مستمر للاسف التراجع هدية كريم في عيد الفطر للاسف وكول سنتر لا يجيب ٣/٤/٢٠٢٤ اشد الندم مرة اخرى لاستخدامي التطبيق للاسف. تم خصم اشتراك 3 دنانير وللاسف بيتزا القيصر غير موجود,1,2026-03-10,,26.7
Careem,google_play,نقل,بجنن,5,2026-03-10,,26.7
Careem,google_play,نقل,التطبيق ممتاز ولاكن السواق متحرشين ارجو ان توضفون الناس المحترمين او الذين يمتلكون ٥ نجوم فقط,1,2026-03-10,,26.8
Careem,google_play,نقل,بصراحه كنت بحبو جدا جدا والناس كانت محترمه بس ف مره السواق هو اللى لغى الرحله وخلانى ف الشارع وقت طويل جدا وكمان حط فلوس عليا ومش عارفه اتعامل مع اللابلكيش بقالى سنه,1,2026-03-10,,26.7
Careem,google_play,نقل,فاشلة الصبح من اطلب مايلتزمون بالكروة ياخذون اكثر على الرغم جان عندي تخفيض بالسعر، ياريت الشركة تهتم بالسيارت الصبح,1,2026-03-10,,
Careem,google_play,نقل,ممتاز,5,2026-03-10,,
Careem,google_play,نقل,الاسعار غاليه بالتطبيق,1,2026-03-10,,26.8
Careem,google_play,نقل,سييييء,1,2026-03-10,,26.8
Careem,google_play,نقل,سي جدا مره مو حلوه ويتأخرر لين يجي!! 🙄😡,1,2026-03-10,,
Careem,google_play,نقل,انا بحب ت كريم,5,2026-03-09,,26.7
Careem,google_play,نقل,ممتازة,5,2026-03-09,,
Careem,google_play,نقل,رجاءا حلوا مشكلة طلب التكسي عن طريق الواتس اب يعني لما اريد اروح لمكان واطلب من الشخص عنوان حتى ارسل للكابتن يكتب كريم لٱ يعمل هنا التطبيق صار جدا سيئ المفروض من دمجوا اوبر مع كريم يتطور للاحسن لَـگِنْ العكس الي صار الطلب صعب والخريطة سيئة حتى الكابتن نفسه يعاني,1,2026-03-09,,26.8
Careem,google_play,نقل,الحمد لله,5,2026-03-09,,
Careem,google_play,نقل,اكثر من نصف ساعة لايجاد سائق وبعدها يلغي.,1,2026-03-09,,26.7
Careem,google_play,نقل,اسوء حاجة,1,2026-03-08,,26.8
Careem,google_play,نقل,أواجه مشكلة في حجز الرحلات وكلما حجزت رحلة تظهر رسالة فشل حجز الرحلة ولم يتم حلها حتى هذا الوقت,1,2026-03-08,,26.8
Careem,google_play,نقل,لايمكن استرجاع الرصيد ؛ وعند الرغبة في استخدامة لطلبات المطاعم يكون الرد المنطقة غير مغطاة بالخدمة !!!!!,1,2026-03-08,,26.8
Careem,google_play,نقل,ممتاز جدا جدا جدا جدا,5,2026-03-07,,26.8
Careem,google_play,نقل,ممتاز,5,2026-03-07,,
Careem,google_play,نقل,عموما حذفت التطبيق راسلوني الدعم بعدحاظريني من تطبيق ردوعلي,1,2026-03-07,,26.1
Careem,google_play,نقل,سيئ في نصب على الكباتن حرام,1,2026-03-06,,26.7
Careem,google_play,نقل,افضل تطبيق,5,2026-03-06,,26.7
Careem,google_play,نقل,اول تجربه لي وكانت ممتااازه,5,2026-03-05,,26.7
Careem,google_play,نقل,عدم اهتمام التطبيق بل عملاء وتقديم مصلحه الكابتن على العميل,1,2026-03-05,,26.5
Careem,google_play,نقل,ممتاز,5,2026-03-05,,26.7
Careem,google_play,نقل,رائع جدا لكن يجب تمديد فترة الخصومات اكثر من المعتاد,5,2026-03-05,,26.7
Careem,google_play,نقل,كل ما اطلب يقولي كريم لايغطي المنطقه مصري الجديده مدينه نصر عباسيه كل مكان كريم لا يغطي هذه المنطقه,1,2026-03-04,,26.8
Careem,google_play,نقل,البرنمج لا يعمل,5,2026-03-04,,26.7
Careem,google_play,نقل,للأسف تجربه سيئه الكابتن عبد الله العبد ما اكتفى بأنه ما وصلني لغى الطلب من عنده 🔴 رنيتله اسئله انا منزله الابليكايشن عن جديد ومو عارفه ازا وصلت اولا سكر بوجهي ولغى الطلب,1,2026-03-03,,26.7
Careem,google_play,نقل,جيد,2,2026-03-03,,26.7
Careem,google_play,نقل,متعبه جدا من خلال خدمة العملاء,1,2026-03-02,,26.7
Careem,google_play,نقل,التطبيق ركاب موقف عنا ممكن اعرف شو الأسباب ؟؟؟؟,5,2026-03-02,,26.7
Careem,google_play,نقل,تطبيق كريم ةفى بورسعيد عربيات فقط,1,2026-03-02,,26.7
Careem,google_play,نقل,عشق,5,2026-03-02,,26.7
Careem,google_play,نقل,متنطون السائق حقه في الدفع الالكتروني و التطبيق بي مشاكل و شكد يشتكون و متتصلح👎🏻,1,2026-03-02,,26.7
Careem,google_play,نقل,تطبيق معقد ولا يعمل زفت,1,2026-03-02,,26.5
Careem,google_play,نقل,البرنامج يوم عن يوم يسوء اكثر. حاليا اطلب تكسي كريم لا يظهر الكابتن على خريطه بعد موافقته حجز الرحله,1,2026-03-02,,26.7
Careem,google_play,نقل,لا يعجبني,1,2026-03-02,,26.7
Careem,google_play,نقل,زبالة,1,2026-03-01,,26.6
Careem,google_play,نقل,السعر بالتطبيق شيء والكابتين ياخذ شيء ثاني حتى لو الفرق ريال,3,2026-03-01,,26.7
Careem,google_play,نقل,ماشاء الله تبارك الرحمن الرحيم,5,2026-03-01,,26.7
Careem,google_play,نقل,مو شغال في المفرق,1,2026-03-01,,
Careem,google_play,نقل,استخدم التطبيق يوميا ومع ذلك لا يتم كود خصم . المفروض التمييز بين من يستخدم التطبيق بكثره ومن يستخدمه لمشوار,3,2026-02-28,,26.7
Careem,google_play,نقل,يسلم ايديك يا كريم انت كثير شاطر يسلم ايديك يا كريم انت كثير شاطر,1,2026-02-28,,26.6
Careem,google_play,نقل,غالي و اسعار مبالغه,1,2026-02-28,,
Careem,google_play,نقل,برنامج ممتاز للغايه لاكن هناك مشكله من اطلب كريم يتأخر يالله يجي وين اظل واكف ومرات اطلب السيارات تارسه الشارع ومحد يقبل الرحله مع جل احترامي لشركه كرم وسائقي كريم وشكرا❤,5,2026-02-28,,26.7
Careem,google_play,نقل,التطبيق يقوم باخذ الأموال من البطاقه البنكيه مع ان المحفظه فيها أموال التطبيق يتحكم في البطاقه البنكيه ويتصرف كيف يشاء الحذر من التطبيق,1,2026-02-28,,26.4
Careem,google_play,نقل,اقيمه صفر لان يطلعلي سعر يجي ابو التكسي يكلي شوفي شكد طالع وياهو اركب ويه يزيدلي الكروه ويطلب أكثر راح امسحه لان تطبيق فاشل,1,2026-02-28,,26.4
Careem,google_play,نقل,اقل من نجمة فما يخص استخدام الدراجه او الاسكوتر تم سحب اكثر من مرة مبلغ من الحساب ولم يرد لي منذ شهرين وقبل اسبوع قمت باخد اسكتور كذلك خصم مبلغ كضمان ولم يرد وتواصلت مع خدمع العملاء نفس الاشكالية والبنك يقول تواصلوا معهم انا وقفت الاستخدام معهم للاسف كادراجه واسكوتر لاانصح بالاستخدام,1,2026-02-27,,
Careem,google_play,نقل,تجربة ممتاز,5,2026-02-27,,24.27
Careem,google_play,نقل,اسوأ تطبيق,1,2026-02-27,,
Careem,google_play,نقل,اسوا تطبيق شفته بحياتي مشوار صغير اخذ منيـ32 كل التطبيقات تاخذ اقل من 20الا كريم ياخذ فوق ال30حتى لو المشوار قصير حسبي الله,1,2026-02-27,,
Careem,google_play,نقل,جيد,5,2026-02-26,,26.6
Careem,google_play,نقل,التطبيق سي للغايه,1,2026-02-26,,26.6
Careem,google_play,نقل,بعد التحديث انقطعت تماما اكواد الخصم وارتفعت أسعار الرحلات فى المعظم مقارنة بالتطبيقات الاخرى أصبح أعلى تكلفة للعميل,1,2026-02-26,,26.7
Careem,google_play,نقل,ممتاز,5,2026-02-26,,26.6
Careem,google_play,نقل,سي جدا,1,2026-02-26,,26.4
Careem,google_play,نقل,اكبر نصابين في المدينة هاذا كريم اليوم قفلو عليا الحساب بدون سبب اتصلتلهم قالو ليش تستخدم البطاقة في عدة حسابات ايش دخلهم هاذا بطاقتي استخدم فيها فين ما ابغا,1,2026-02-25,,26.6
Careem,google_play,نقل,جميل جداء,5,2026-02-25,,26.6
Careem,google_play,نقل,واجهت من فتره مشكله بالتطبيق لكن الفريق المشرف على التطبيق قاموا بحل المشكله بأسرع وقت وكانوا جدا حريصين على ارضاء المشترك شكرا لكم,5,2026-02-25,,26.6
Careem,google_play,نقل,السائق لم يرجع باقي المبلغ الدفع كان نقدي,1,2026-02-25,,26.7
Careem,google_play,نقل,جديد,5,2026-02-25,,26.6
Careem,google_play,نقل,👎👎👎 بسبب وعودكم الفارغة وتأخيركم اللي ماله مبرر، قررت أحذف التطبيق خدمة العملاء عندكم عبارة عن ردود جاهزة بدون حلول حقيقية. شكراً على التجربة السيئة، ومسحت التطبيق وراح أنصحالكل يمسحه,1,2026-02-25,,26.6
Careem,google_play,نقل,حظرت بلا سبب,1,2026-02-25,,
Careem,google_play,نقل,سئ جدا في حفر الباطن,1,2026-02-25,,
Careem,google_play,نقل,عدم اظهار الباقات بشكل واضح و تلاعب في الاسعار,1,2026-02-24,,26.2
Careem,google_play,نقل,ممتاز,5,2026-02-24,,26.6
Careem,google_play,نقل,سيء جدا الراكب من يواجه مشكلة مع الكابتن ما عنده طريفة تواصل الا على سيم كارت,1,2026-02-24,,26.7
Careem,google_play,نقل,ممتاز جدا يتساهل التقييم,5,2026-02-24,,26.6
Careem,google_play,نقل,غالي نفس سعر الاجرة,1,2026-02-24,,26.6
Careem,google_play,نقل,انا شخص اعيش في الاردن تحديدا في منطقه المفرق ولا استطيع الطلب منكم بسبب انها المنطقتي ليست ضمن التطبيق وهذا ليس عدلا,1,2026-02-24,,26.6
Careem,google_play,نقل,التحديث الاخير سئ جدا مااعرف اشلون نطلب تكسي,1,2026-02-24,,26.6
Careem,google_play,نقل,ممتاز,5,2026-02-24,,26.6
Careem,google_play,نقل,رخيص وجميل,5,2026-02-24,,26.6
Careem,google_play,نقل,للأسف احاول الاشتراك في التطبيق يعطي أنه هناك مشكله كثير كتبنا المشكله على الرابط ولكن بلا فائده,1,2026-02-24,,26.6
Careem,google_play,نقل,للأسف تطبيق كنت افكر انا تأمن له في المال اشتركت كريم بلص لمده ٦ أشهر ومحفظتي في مبلغ لكن للأسف تفاجئت اليوم تم حظر حسابي على اي اساس راح الاشتراك وقيمته والمحفظه التي فيها حساب لي للأسف اخذوهم يمكن زكاه مال باي حق تحضرني وتأخذ اشتراك انا دافعه ومحفظه فيها نقود وليش تحضر الحساب سياسه فاشله للأسف شو ما كان السبب لايحق لك حظر حسابي انت المفروض تطبيق لخدمتنا وندفع مقابل ذلك اذهب الى تطبيق طلبات مستحيل يحضر الحساب لان حظر الحساب انت تخسر تعامل الزبائن للاسف شكوتي عندك بالمسنجر مع رقم الهاتف,1,2026-02-24,,26.6
Careem,google_play,نقل,قبل التحديث افضل,2,2026-02-24,,26.6
Careem,google_play,نقل,لا انصح باستخدامه تكون مشترك فجأه والا عاملين حظر الك نصيحه لاتشترظوا تدفعوا مصاري على كريم بلص او تحطوا مصاري بالمحفظه فجأه بعملوا حظر الك وتروح عليك مصاريك,1,2026-02-24,,
Careem,google_play,نقل,ممتمزه,5,2026-02-23,,26.6
Careem,google_play,نقل,تأخير غير طبيعي والكابتن يوصل مكان غلط ومايرد رغم اني اريلت واتصلت عليه ويلغي الرحلة واتحمل انا الرسوم تقييم سيء جدا ولا انصح باستخدام التطبيق واخر تعامل معاهم,1,2026-02-23,,26.6
Careem,google_play,نقل,رائعة جدا و الكباتن جدا محترمين.. غير إني وضعت 3 نجمات لأنه باهض الثمن قليلا.,3,2026-02-23,,26.6
Careem,google_play,نقل,تطبيق راقي واسعارهم مناسبه انصح الناس اتنزله,5,2026-02-23,,26.6
Careem,google_play,نقل,افشل تطبيق حسبي الله عليكم بعني عندي شغل ولازم اطلع من وكت 3 سواق انتظرهم ويلغون الرحله وكله وكت عليه ومن وراهم تصير طلعتي بالازدحام,1,2026-02-23,,26.6
Careem,google_play,نقل,خدمة عملاء سيئة جدا,1,2026-02-23,,26.6
Careem,google_play,نقل,قبل التحديث الاخير كان التطبيق اسهل للاستخدام,5,2026-02-22,,26.6
Careem,google_play,نقل,يحتاج التطبيق تحديث يحدد عملية الدفع عن طريق رصيد كريم قبل ما اطلب تكسي يكون الدفع عن طريق بطاقة كريم التطبيق مامضمون المحفظة بيها فلوس بعد ما يحتاج كاش,1,2026-02-22,,26.6
Careem,google_play,نقل,سيئ,2,2026-02-22,,26.6
Careem,google_play,نقل,الاسعار أصبح مبالغ بيها رحلة ما تاخذ وقت 5 دقايق ياخد أجرة 4 الالف إضافة ان يتأخر كلش لحد ما يحصل كابتن,1,2026-02-22,,26.6
Careem,google_play,نقل,هل استخدام التطبيق مجاني بالنسبة للركاب وهل استطيع استخدامه في مكة المكرمة ؟,5,2026-02-22,,26.6
Careem,google_play,نقل,تجربة سيئة جدا جدا وخدمة عملاء اسوء بكثير ولا يوجد وسيلة اتصال سريعه بين خدمة العملاء والعملاء وبيتركوا الامر بين السائق والعميل بشكل عشوائي ودا اخر تعامل معهم للأبد,1,2026-02-21,,24.34
Careem,google_play,نقل,يمنع من دخول البرنامج,1,2026-02-21,,
Careem,google_play,نقل,كان يوجد مشكلة لدي بالامس و لكن فريق خدمة العملاء قام بحل المشكلة بشكل سريع و جذري ، شكرا خدمة عملاء كريم,5,2026-02-21,,26.6
Careem,google_play,نقل,اسعار مرتفعة,1,2026-02-21,,26.6
